first_name,last_name,email,gender
Oliviero,Longforth,olongforth0@wikia.com,Male
Curtice,Hallgate,challgate1@gmpg.org,Male
Darb,Evreux,devreux2@hostgator.com,Male
Ely,Themann,ethemann3@hao123.com,Male
Kaylyn,Brady,kbrady4@51.la,Female
Sebastien,Rosevear,srosevear5@who.int,Male
Janela,Lanchbury,jlanchbury6@barnesandnoble.com,Female
Nicolle,Inkster,ninkster7@youtube.com,Female
